{
    "accuracy": 0.7809653916211293,
    "precision": 0.7804332921884883,
    "recall": 0.7809653916211293,
    "f1": 0.7571693244233341,
    "report": {
        "negative": {
            "precision": 0.7764842840512224,
            "recall": 0.9687726942628904,
            "f1-score": 0.8620355411954765,
            "support": 1377.0
        },
        "neutral": {
            "precision": 0.7359307359307359,
            "recall": 0.3655913978494624,
            "f1-score": 0.4885057471264368,
            "support": 465.0
        },
        "positive": {
            "precision": 0.854251012145749,
            "recall": 0.596045197740113,
            "f1-score": 0.7021630615640599,
            "support": 354.0
        },
        "accuracy": 0.7809653916211293,
        "macro avg": {
            "precision": 0.7888886773759024,
            "recall": 0.6434697632841552,
            "f1-score": 0.6842347832953243,
            "support": 2196.0
        },
        "weighted avg": {
            "precision": 0.7804332921884883,
            "recall": 0.7809653916211293,
            "f1-score": 0.7571693244233341,
            "support": 2196.0
        }
    }
}